date,weather,title,image,content,author,adImage,correctChoice,wrongChoice,resultArticle,resultAnswer

2025-08-02,2025년 7월 19일 / 경칩 / 날씨 생각보다 추움,강달러에···<000>까지 척척,weeklyUpdates/images/image2.jpg,"2030세대가 <000>에 적극적으로 나서며 달러보험, 달러예금 등 다양한 달러 관련 상품에 투자하고 있다. 4대 시중은행의 2030세대 대상 달러보험 판매액은 전년 대비 약 57.2% 급증했으며 달러예금은 미국 기준금리를 따라 원화 예금보다 높은 금리를 제공한다. 전문가들은...",기사출처 한국경제,weeklyUpdates/adImages/adImage2.png,"문제의 답은 
<환테크>··· 

김 전무의 
긴급 
인터뷰","꿈에서 본 답은 
<핀테크>··· 

조 팀장의 
꿈나라 
특별 취재","환테크란? 환율과 재테크의 합성어로, 환율 변동을 이용하여 수익을 얻는 재태크 방법. 해당 기사는 2030세대가 환테크에 적극적으로 나서며","정답은 바로 <환테크>"

2025-04-9,2025년 3월 5일 / 경칩 / 날씨 생각보다 추움,강달러에···<000>까지 척척,weeklyUpdates/images/image2.jpg,"2030세대가 <000>에 적극적으로 나서며 달러보험, 달러예금 등 다양한 달러 관련 상품에 투자하고 있다. 4대 시중은행의 2030세대 대상 달러보험 판매액은 전년 대비 약 57.2% 급증했으며 달러예금은 미국 기준금리를 따라 원화 예금보다 높은 금리를 제공한다. 전문가들은...",기사출처 한국경제,weeklyUpdates/adImages/adImage2.png,"문제의 답은 
<환테크>··· 

김 전무의 
긴급 
인터뷰","꿈에서 본 답은 
<핀테크>··· 

조 팀장의 
꿈나라 
특별 취재","환테크란? 환율과 재테크의 합성어로, 환율 변동을 이용하여 수익을 얻는 재태크 방법.

해당 기사는 2030세대가 환테크에 적극적으로 나서며","정답은 바로 <환테크>"

2025-04-10,2025년 3월 5일 / 경칩 / 날씨 생각보다 추움,강달러에···<000>까지 척척,weeklyUpdates/images/image2.jpg,"2030세대가 <000>에 적극적으로 나서며 달러보험, 달러예금 등 다양한 달러 관련 상품에 투자하고 있다. 4대 시중은행의 2030세대 대상 달러보험 판매액은 전년 대비 약 57.2% 급증했으며 달러예금은 미국 기준금리를 따라 원화 예금보다 높은 금리를 제공한다. 전문가들은...",기사출처 한국경제,weeklyUpdates/adImages/adImage2.png,"문제의 답은 
<환테크>··· 

김 전무의 
긴급 
인터뷰","꿈에서 본 답은 
<핀테크>··· 

조 팀장의 
꿈나라 
특별 취재","환테크란? 환율과 재테크의 합성어로, 환율 변동을 이용하여 수익을 얻는 재태크 방법.

해당 기사는 2030세대가 환테크에 적극적으로 나서며","정답은 바로 <환테크>"

2025-04-11,2025년 3월 5일 / 경칩 / 날씨 생각보다 추움,강달러에···<000>까지 척척,weeklyUpdates/images/image2.jpg,"2030세대가 <000>에 적극적으로 나서며 달러보험, 달러예금 등 다양한 달러 관련 상품에 투자하고 있다. 4대 시중은행의 2030세대 대상 달러보험 판매액은 전년 대비 약 57.2% 급증했으며 달러예금은 미국 기준금리를 따라 원화 예금보다 높은 금리를 제공한다. 전문가들은...",기사출처 한국경제,weeklyUpdates/adImages/adImage2.png,"문제의 답은 
<환테크>··· 

김 전무의 
긴급 
인터뷰","꿈에서 본 답은 
<핀테크>··· 

조 팀장의 
꿈나라 
특별 취재","환테크란? 환율과 재테크의 합성어로, 환율 변동을 이용하여 수익을 얻는 재태크 방법.

해당 기사는 2030세대가 환테크에 적극적으로 나서며","정답은 바로 <환테크>"

2025-04-12,2025년 3월 5일 / 경칩 / 날씨 생각보다 추움,강달러에···<000>까지 척척,weeklyUpdates/images/image2.jpg,"2030세대가 <000>에 적극적으로 나서며 달러보험, 달러예금 등 다양한 달러 관련 상품에 투자하고 있다. 4대 시중은행의 2030세대 대상 달러보험 판매액은 전년 대비 약 57.2% 급증했으며 달러예금은 미국 기준금리를 따라 원화 예금보다 높은 금리를 제공한다. 전문가들은...",기사출처 한국경제,weeklyUpdates/adImages/adImage2.png,"문제의 답은 
<환테크>··· 

김 전무의 
긴급 
인터뷰","꿈에서 본 답은 
<핀테크>··· 

조 팀장의 
꿈나라 
특별 취재","환테크란? 환율과 재테크의 합성어로, 환율 변동을 이용하여 수익을 얻는 재태크 방법.

해당 기사는 2030세대가 환테크에 적극적으로 나서며","정답은 바로 <환테크>"

2025-04-13,2025년 3월 5일 / 경칩 / 날씨 생각보다 추움,강달러에···<000>까지 척척,weeklyUpdates/images/image2.jpg,"2030세대가 <000>에 적극적으로 나서며 달러보험, 달러예금 등 다양한 달러 관련 상품에 투자하고 있다. 4대 시중은행의 2030세대 대상 달러보험 판매액은 전년 대비 약 57.2% 급증했으며 달러예금은 미국 기준금리를 따라 원화 예금보다 높은 금리를 제공한다. 전문가들은...",기사출처 한국경제,weeklyUpdates/adImages/adImage2.png,"문제의 답은 
<환테크>··· 

김 전무의 
긴급 
인터뷰","꿈에서 본 답은 
<핀테크>··· 

조 팀장의 
꿈나라 
특별 취재","환테크란? 환율과 재테크의 합성어로, 환율 변동을 이용하여 수익을 얻는 재태크 방법.

해당 기사는 2030세대가 환테크에 적극적으로 나서며","정답은 바로 <환테크>"

2025-04-14,2025년 3월 5일 / 경칩 / 날씨 생각보다 추움,강달러에···<000>까지 척척,weeklyUpdates/images/image2.jpg,"2030세대가 <000>에 적극적으로 나서며 달러보험, 달러예금 등 다양한 달러 관련 상품에 투자하고 있다. 4대 시중은행의 2030세대 대상 달러보험 판매액은 전년 대비 약 57.2% 급증했으며 달러예금은 미국 기준금리를 따라 원화 예금보다 높은 금리를 제공한다. 전문가들은...",기사출처 한국경제,weeklyUpdates/adImages/adImage2.png,"문제의 답은 
<환테크>··· 

김 전무의 
긴급 
인터뷰","꿈에서 본 답은 
<핀테크>··· 

조 팀장의 
꿈나라 
특별 취재","환테크란? 환율과 재테크의 합성어로, 환율 변동을 이용하여 수익을 얻는 재태크 방법.

해당 기사는 2030세대가 환테크에 적극적으로 나서며","정답은 바로 <환테크>"